{"loss": 1.0012418031692505, "_timestamp": 1686387828.3291798, "_runtime": 976.0644257068634, "_step": 39113, "_wandb": {"runtime": 974}}