{"loss": 2188.205078125, "_timestamp": 1702001481.1758928, "_runtime": 59399.663066864014, "_step": 3461879, "_wandb": {"runtime": 59398}}