{"loss": 3125.618896484375, "_timestamp": 1701934174.0753064, "_runtime": 1054.7731335163116, "_step": 61871, "_wandb": {"runtime": 1053}}