{"loss": 0.9983792901039124, "_timestamp": 1701929545.8457131, "_runtime": 7891.625474214554, "_step": 495929, "_wandb": {"runtime": 7890}}