{"loss": 2188.205078125, "_timestamp": 1701941832.3688827, "_runtime": 7387.203972578049, "_step": 446365, "_wandb": {"runtime": 7385}}