{"loss": 1563.2440185546875, "_timestamp": 1701934427.6311736, "_runtime": 159.45152950286865, "_step": 9294, "_wandb": {"runtime": 158}}