{"loss": 1.0000807046890259, "_timestamp": 1686534503.3581142, "_runtime": 146129.5759291649, "_step": 5614684, "_wandb": {"runtime": 146128}}